{
    "Cli": {
        "overall_average_tau": 0.08733409798330596,
        "overall_std_tau": 0.3905608323733668,
        "pair_averages": {
            "ochiai_vs_depgraph": 0.3066195217637703,
            "ochiai_vs_execution": -0.177864283565528,
            "ochiai_vs_perfect": -0.09138861251003112,
            "ochiai_vs_random": 0.05009035190526532,
            "depgraph_vs_execution": -0.10546818751242217,
            "depgraph_vs_perfect": 0.01904974349720137,
            "depgraph_vs_random": 0.03565581852200889,
            "execution_vs_perfect": 0.864122737463934,
            "execution_vs_random": -0.052058572395159104,
            "perfect_vs_random": 0.024582462664020303
        },
        "total_comparisons": 630
    },
    "Math": {
        "overall_average_tau": 0.15975688467546428,
        "overall_std_tau": 0.4242243943937019,
        "pair_averages": {
            "ochiai_vs_depgraph": 0.6270619784459439,
            "ochiai_vs_execution": -0.0476547525063539,
            "ochiai_vs_perfect": 0.0485750005247053,
            "ochiai_vs_random": -0.02692365113131924,
            "depgraph_vs_execution": -0.0012474170923483221,
            "depgraph_vs_perfect": 0.12080226762847929,
            "depgraph_vs_random": -0.004195844303057907,
            "execution_vs_perfect": 0.8325855663802226,
            "execution_vs_random": 0.04603980964771332,
            "perfect_vs_random": 0.0025258891606580627
        },
        "total_comparisons": 1690
    },
    "Csv": {
        "overall_average_tau": 0.16735680865124591,
        "overall_std_tau": 0.38952619249981096,
        "pair_averages": {
            "ochiai_vs_depgraph": 0.59641685349512,
            "ochiai_vs_execution": 0.02278976066965412,
            "ochiai_vs_perfect": 0.11510984839029888,
            "ochiai_vs_random": 0.0008967362343538036,
            "depgraph_vs_execution": 0.006466192689259076,
            "depgraph_vs_perfect": 0.10668350048245856,
            "depgraph_vs_random": 0.008286214206568743,
            "execution_vs_perfect": 0.8934993839362493,
            "execution_vs_random": -0.03966330534472838,
            "perfect_vs_random": -0.03691709824677473
        },
        "total_comparisons": 240
    },
    "Codec": {
        "overall_average_tau": 0.030842654916115944,
        "overall_std_tau": 0.4841516171315475,
        "pair_averages": {
            "ochiai_vs_depgraph": 0.0940706550710502,
            "ochiai_vs_execution": -0.20390398042684854,
            "ochiai_vs_perfect": -0.05180741645242144,
            "ochiai_vs_random": -0.058360854012072645,
            "depgraph_vs_execution": -0.20408716792509163,
            "depgraph_vs_perfect": -0.08802916369814184,
            "depgraph_vs_random": 0.009075663157053016,
            "execution_vs_perfect": 0.7170187161425509,
            "execution_vs_random": 0.08194718108742918,
            "perfect_vs_random": 0.01250291621765228
        },
        "total_comparisons": 310
    },
    "Gson": {
        "overall_average_tau": 0.053203838373757646,
        "overall_std_tau": 0.4454199064399484,
        "pair_averages": {
            "ochiai_vs_depgraph": 0.4015007733786371,
            "ochiai_vs_execution": -0.23041450987660414,
            "ochiai_vs_perfect": -0.1207387977810146,
            "ochiai_vs_random": 0.0010935597474154358,
            "depgraph_vs_execution": -0.13274051098474077,
            "depgraph_vs_perfect": 0.0016434029422766935,
            "depgraph_vs_random": -0.12075743779877932,
            "execution_vs_perfect": 0.8452015787768449,
            "execution_vs_random": -0.03588525791919625,
            "perfect_vs_random": -0.0768644167472627
        },
        "total_comparisons": 330
    },
    "JacksonCore": {
        "overall_average_tau": 0.17211552376210992,
        "overall_std_tau": 0.40399334025633526,
        "pair_averages": {
            "ochiai_vs_depgraph": 0.4873490108229644,
            "ochiai_vs_execution": 0.1404188050758093,
            "ochiai_vs_perfect": 0.16897472325887603,
            "ochiai_vs_random": -0.020324481982037346,
            "depgraph_vs_execution": -0.016153128831192104,
            "depgraph_vs_perfect": 0.09523446029452749,
            "depgraph_vs_random": -0.020743421617179535,
            "execution_vs_perfect": 0.8759407554798975,
            "execution_vs_random": -0.010079760082263215,
            "perfect_vs_random": 0.020538275201696835
        },
        "total_comparisons": 260
    },
    "JacksonXml": {
        "overall_average_tau": 0.3312303072085891,
        "overall_std_tau": 0.37454497248289786,
        "pair_averages": {
            "ochiai_vs_depgraph": 0.5228018572544398,
            "ochiai_vs_execution": 0.6262807905267543,
            "ochiai_vs_perfect": 0.600865609744182,
            "ochiai_vs_random": -0.05956775606464051,
            "depgraph_vs_execution": 0.3754216829454415,
            "depgraph_vs_perfect": 0.40169508801205145,
            "depgraph_vs_random": -0.019977832589904827,
            "execution_vs_perfect": 0.97372659493339,
            "execution_vs_random": -0.028039810695612566,
            "perfect_vs_random": -0.028694684462156367
        },
        "total_comparisons": 66
    },
    "Mockito": {
        "overall_average_tau": 0.18623779370174054,
        "overall_std_tau": 0.3597567944519412,
        "pair_averages": {
            "ochiai_vs_depgraph": 0.7733099695054305,
            "ochiai_vs_execution": 0.02192994351692371,
            "ochiai_vs_perfect": 0.03536070132251549,
            "ochiai_vs_random": -0.009146853829557159,
            "depgraph_vs_execution": 0.02514791062215615,
            "depgraph_vs_perfect": 0.04289963759650362,
            "depgraph_vs_random": -0.012542626364593077,
            "execution_vs_perfect": 0.9812789296229946,
            "execution_vs_random": 0.002469279152925496,
            "perfect_vs_random": 0.0016710458721057744
        },
        "total_comparisons": 1120
    },
    "Compress": {
        "overall_average_tau": 0.14115385601711544,
        "overall_std_tau": 0.40244323074266614,
        "pair_averages": {
            "ochiai_vs_depgraph": 0.4185628252135964,
            "ochiai_vs_execution": 0.06349263895482846,
            "ochiai_vs_perfect": 0.09764038780155077,
            "ochiai_vs_random": -0.041503735671147644,
            "depgraph_vs_execution": -0.01882302807799219,
            "depgraph_vs_perfect": 0.11594533385927425,
            "depgraph_vs_random": -0.02672514959388711,
            "execution_vs_perfect": 0.8565681826917556,
            "execution_vs_random": -0.02898801111349897,
            "perfect_vs_random": -0.024630883893325153
        },
        "total_comparisons": 660
    },
    "Jsoup": {
        "overall_average_tau": 0.2431954643454286,
        "overall_std_tau": 0.504256400646937,
        "pair_averages": {
            "ochiai_vs_depgraph": -0.05006215477156352,
            "ochiai_vs_execution": 0.8328645961935025,
            "ochiai_vs_perfect": 0.755878657963171,
            "ochiai_vs_random": -0.011234259708844641,
            "depgraph_vs_execution": -0.06516661461772107,
            "depgraph_vs_perfect": 0.011139448589130557,
            "depgraph_vs_random": -0.0013320737424356932,
            "execution_vs_perfect": 0.9113308311406717,
            "execution_vs_random": 0.004013987535554237,
            "perfect_vs_random": 0.044522224872821
        },
        "total_comparisons": 1340
    },
    "Lang": {
        "overall_average_tau": 0.14921441503438956,
        "overall_std_tau": 0.5586137761901807,
        "pair_averages": {
            "ochiai_vs_depgraph": 0.11389079495457251,
            "ochiai_vs_execution": 0.11734401052393784,
            "ochiai_vs_perfect": 0.14795203002076024,
            "ochiai_vs_random": 0.018262008653890976,
            "depgraph_vs_execution": 0.10263700103332508,
            "depgraph_vs_perfect": 0.38515218533143075,